Time,test,
2023-08-20T17:50:13.968898,65327,65338,
2023-08-20T17:50:14.389681,65328,65334,
2023-08-20T17:50:14.825547,65336,65327,
2023-08-20T17:50:15.259596,65326,65328,
2023-08-20T17:50:15.676886,65334,65328,
2023-08-20T17:50:16.109959,65328,65336,
2023-08-20T17:50:16.533594,65332,65327,
2023-08-20T17:50:16.944065,65327,65331,
2023-08-20T17:50:17.377466,65334,65330,
2023-08-20T17:50:17.796580,65326,65330,
2023-08-20T17:50:18.228489,65332,65333,
2023-08-20T17:50:18.638887,65329,65334,
2023-08-20T17:50:19.070556,65332,65324,
2023-08-20T17:50:19.476580,65329,65332,
2023-08-20T17:50:19.913815,65332,65330,
2023-08-20T17:50:20.329617,65326,65327,
2023-08-20T17:50:20.751240,65328,65328,
2023-08-20T17:50:21.158618,65334,65328,
2023-08-20T17:50:21.590920,65332,65324,
2023-08-20T17:50:21.996461,65328,65329,
2023-08-20T17:50:22.430597,65325,65337,
2023-08-20T17:50:22.836531,65328,65329,
2023-08-20T17:50:23.269451,65338,65332,
2023-08-20T17:50:23.704491,65334,65328,
2023-08-20T17:50:24.146429,65326,65328,
2023-08-20T17:50:24.556622,65326,65329,
2023-08-20T17:50:24.963864,65335,65326,
2023-08-20T17:50:25.396306,65328,65328,
2023-08-20T17:50:25.831143,65328,65328,
2023-08-20T17:50:26.264404,65326,65330,
2023-08-20T17:50:26.687588,65332,65328,
2023-08-20T17:50:27.092631,65332,65327,
2023-08-20T17:50:27.529001,65331,65328,
2023-08-20T17:50:27.962661,65328,65328,
2023-08-20T17:50:28.396224,65328,65329,
2023-08-20T17:50:28.827764,65326,65336,
2023-08-20T17:50:29.261695,65330,65334,
2023-08-20T17:50:29.691629,65328,65335,
2023-08-20T17:50:30.129247,65328,65328,
2023-08-20T17:50:30.552293,65343,65328,
2023-08-20T17:50:30.977836,65329,65329,
2023-08-20T17:50:31.384718,65327,65328,
2023-08-20T17:50:31.790226,65342,65328,
2023-08-20T17:50:32.196555,65330,65330,
2023-08-20T17:50:32.629420,65334,65332,
2023-08-20T17:50:33.051378,65334,65328,
2023-08-20T17:50:33.490734,65327,65339,
2023-08-20T17:50:33.923847,65337,65335,
2023-08-20T17:50:34.363032,65330,65340,
2023-08-20T17:50:34.793509,65328,65325,
2023-08-20T17:50:35.213945,65335,65327,
2023-08-20T17:50:35.619409,65330,65328,
2023-08-20T17:50:36.055525,65331,65340,
2023-08-20T17:50:36.485338,65330,65328,
2023-08-20T17:50:36.919998,65337,65328,
2023-08-20T17:50:37.324239,65331,65331,
2023-08-20T17:50:37.605186,65338,65334,
2023-08-20T17:50:37.821573,65331,65330,
2023-08-20T17:50:38.040359,65328,65335,
2023-08-20T17:50:38.256722,65326,65326,
2023-08-20T17:50:38.473998,65330,65327,
2023-08-20T17:50:38.690849,65329,65327,
2023-08-20T17:50:38.907278,65331,65332,
2023-08-20T17:50:39.123424,65324,65336,
2023-08-20T17:50:39.340994,65328,65336,
2023-08-20T17:50:39.558763,65326,65328,
2023-08-20T17:50:39.775217,65330,65329,
2023-08-20T17:50:39.993502,65330,65331,
2023-08-20T17:50:40.213054,65327,65336,
2023-08-20T17:50:40.429011,65328,65334,
2023-08-20T17:50:40.645331,65330,65336,
2023-08-20T17:50:40.860912,65323,65336,
2023-08-20T17:50:41.080828,65322,65322,
2023-08-20T17:50:41.297767,65324,65325,
2023-08-20T17:50:41.514061,65324,65327,
2023-08-20T17:50:41.731080,65326,65323,
2023-08-20T17:50:41.947216,65328,65323,
2023-08-20T17:50:42.168192,65338,65324,
2023-08-20T17:50:42.387518,65328,65329,
2023-08-20T17:50:42.605633,65325,65324,
2023-08-20T17:50:42.824960,65326,65326,
2023-08-20T17:50:43.042353,65326,65324,
2023-08-20T17:50:43.257805,65330,65324,
2023-08-20T17:50:43.476486,65324,65324,
2023-08-20T17:50:43.689641,65338,65324,
2023-08-20T17:50:43.914686,65328,65336,
2023-08-20T17:50:44.131884,65330,65322,
2023-08-20T17:50:44.347577,65323,65322,
2023-08-20T17:50:44.565635,65322,65340,
2023-08-20T17:50:44.781869,65327,65326,
2023-08-20T17:50:45.000483,65334,65331,
2023-08-20T17:50:45.216971,65324,65333,
2023-08-20T17:50:45.435631,65324,65326,
2023-08-20T17:50:45.648083,65327,65326,
2023-08-20T17:50:45.863663,65328,65333,
2023-08-20T17:50:46.066258,65326,65329,
2023-08-20T17:50:46.282431,65334,65328,
2023-08-20T17:50:46.500195,65328,65325,
2023-08-20T17:50:46.714957,65326,65324,
2023-08-20T17:50:46.933731,65336,65324,
2023-08-20T17:50:47.151823,65326,65334,
2023-08-20T17:50:47.359751,65326,65330,
2023-08-20T17:50:47.556578,65332,65326,
2023-08-20T17:50:47.772078,65328,65330,
2023-08-20T17:50:47.992687,65334,65326,
2023-08-20T17:50:48.210594,65325,65334,
2023-08-20T17:50:48.430517,65328,65328,
2023-08-20T17:50:48.644767,65324,65329,
2023-08-20T17:50:48.847054,65327,65340,
2023-08-20T17:50:49.066861,65330,65324,
2023-08-20T17:50:49.283703,65326,65324,
2023-08-20T17:50:49.499388,65327,65336,
2023-08-20T17:50:49.714469,65324,65335,
2023-08-20T17:50:49.933229,65326,65326,
2023-08-20T17:50:50.149691,65334,65326,
2023-08-20T17:50:50.370691,65326,65326,
2023-08-20T17:50:50.572017,65326,65326,
2023-08-20T17:50:50.787614,65329,65326,
2023-08-20T17:50:51.004823,65329,65336,
2023-08-20T17:50:51.221619,65328,65324,
2023-08-20T17:50:51.439862,65332,65322,
2023-08-20T17:50:51.641226,65324,65336,
2023-08-20T17:50:51.854868,65338,65325,
2023-08-20T17:50:52.072723,65326,65326,
2023-08-20T17:50:52.290732,65330,65330,
2023-08-20T17:50:52.506518,65322,65330,
2023-08-20T17:50:52.722551,65326,65325,
2023-08-20T17:50:52.940887,65328,65336,
2023-08-20T17:50:53.156690,65336,65326,
2023-08-20T17:50:53.366840,65338,65326,
2023-08-20T17:50:53.591894,65327,65326,
2023-08-20T17:50:53.810686,65336,65324,
2023-08-20T17:50:54.026986,65324,65331,
2023-08-20T17:50:54.241765,65334,65332,
2023-08-20T17:50:54.458096,65324,65330,
2023-08-20T17:50:54.677863,65326,65324,
2023-08-20T17:50:54.894254,65324,65328,
2023-08-20T17:50:55.101506,65332,65338,
2023-08-20T17:50:55.310701,65336,65326,
2023-08-20T17:50:55.531727,65327,65324,
2023-08-20T17:50:55.730594,65326,65325,
2023-08-20T17:50:55.949775,65328,65328,
2023-08-20T17:50:56.170794,65324,65326,
2023-08-20T17:50:56.388038,65336,65338,
2023-08-20T17:50:56.606810,65323,65326,
2023-08-20T17:50:56.822721,65338,65334,
2023-08-20T17:50:57.041177,65328,65326,
2023-08-20T17:50:57.260871,65334,65325,
2023-08-20T17:50:57.479942,65328,65334,
2023-08-20T17:50:57.696502,65327,65330,
2023-08-20T17:50:57.912939,65324,65336,
2023-08-20T17:50:58.114125,65340,65325,
2023-08-20T17:50:58.331409,65325,65335,
2023-08-20T17:50:58.549178,65324,65329,
2023-08-20T17:50:58.768971,65324,65326,
2023-08-20T17:50:58.973635,65326,65328,
2023-08-20T17:50:59.190085,65324,65326,
2023-08-20T17:50:59.410650,65326,65329,
2023-08-20T17:50:59.629059,65325,65324,
2023-08-20T17:50:59.846271,65328,65330,
2023-08-20T17:51:00.061910,65330,65332,
2023-08-20T17:51:00.283409,65328,65326,
2023-08-20T17:51:00.498428,65336,65328,
2023-08-20T17:51:00.715355,65333,65326,
2023-08-20T17:51:00.932144,65328,65328,
2023-08-20T17:51:01.134690,65326,65325,
2023-08-20T17:51:01.352165,65328,65332,
2023-08-20T17:51:01.568152,65330,65327,
2023-08-20T17:51:01.784910,65325,65325,
2023-08-20T17:51:02.000271,65326,65328,
2023-08-20T17:51:02.218715,65328,65335,
2023-08-20T17:51:02.434031,65326,65327,
2023-08-20T17:51:02.636542,65329,65331,
2023-08-20T17:51:02.842760,65328,65328,
2023-08-20T17:51:03.052950,65326,65325,
2023-08-20T17:51:03.269934,65328,65326,
2023-08-20T17:51:03.472919,65328,65334,
2023-08-20T17:51:03.690686,65326,65328,
2023-08-20T17:51:03.893926,65326,65335,
2023-08-20T17:51:04.113555,65324,65335,
2023-08-20T17:51:04.332407,65324,65325,
2023-08-20T17:51:04.546816,65336,65332,
2023-08-20T17:51:04.749909,65324,65329,
2023-08-20T17:51:04.968546,65327,65330,
2023-08-20T17:51:05.187417,65328,65331,
2023-08-20T17:51:05.396227,65330,65336,
2023-08-20T17:51:05.607314,65332,65324,
2023-08-20T17:51:05.825159,65328,65338,
2023-08-20T17:51:06.043483,65334,65328,
2023-08-20T17:51:06.262676,65334,65332,
2023-08-20T17:51:06.480033,65330,65331,
2023-08-20T17:51:06.693988,65330,65338,
2023-08-20T17:51:06.910876,65336,65328,
2023-08-20T17:51:07.127519,65332,65338,
2023-08-20T17:51:07.345016,65336,65327,
2023-08-20T17:51:07.562464,65328,65330,
2023-08-20T17:51:07.779089,65328,65334,
2023-08-20T17:51:07.993816,65324,65326,
2023-08-20T17:51:08.197406,65324,65325,
2023-08-20T17:51:08.416588,65327,65326,
2023-08-20T17:51:08.627647,65329,65326,
2023-08-20T17:51:08.849408,65326,65332,
2023-08-20T17:51:09.065596,65327,65327,
2023-08-20T17:51:09.286298,65326,65328,
2023-08-20T17:51:09.501697,65338,65328,
2023-08-20T17:51:09.720263,65336,65328,
2023-08-20T17:51:09.939831,65328,65330,
2023-08-20T17:51:10.156426,65326,65330,
2023-08-20T17:51:10.360230,65326,65324,
2023-08-20T17:51:10.578979,65326,65333,
2023-08-20T17:51:10.795052,65324,65324,
2023-08-20T17:51:11.012237,65325,65326,
2023-08-20T17:51:11.231433,65328,65338,
2023-08-20T17:51:11.447346,65328,65330,
2023-08-20T17:51:11.662251,65327,65326,
2023-08-20T17:51:11.881337,65328,65328,
2023-08-20T17:51:12.100949,65330,65384,
2023-08-20T17:51:12.322174,65326,65321,
2023-08-20T17:51:12.538427,65325,65371,
2023-08-20T17:51:12.755105,65334,65332,
2023-08-20T17:51:12.976888,65327,65327,
2023-08-20T17:51:13.189804,65328,65328,
2023-08-20T17:51:13.393815,65330,65336,
2023-08-20T17:51:13.604476,65332,65325,
2023-08-20T17:51:13.827235,65333,65336,
2023-08-20T17:51:14.043966,65328,65327,
2023-08-20T17:51:14.260403,65326,65326,
2023-08-20T17:51:14.476309,65334,65327,
2023-08-20T17:51:14.684020,65331,65327,
2023-08-20T17:51:14.881767,65328,65331,
2023-08-20T17:51:15.098811,65332,65328,
2023-08-20T17:51:15.318518,65327,65336,
2023-08-20T17:51:15.536354,65328,65327,
2023-08-20T17:51:15.754902,65327,65329,
2023-08-20T17:51:15.970266,65326,65328,
2023-08-20T17:51:16.185567,65328,65328,
2023-08-20T17:51:16.404075,65330,65412,
2023-08-20T17:51:16.620690,65328,65334,
2023-08-20T17:51:16.838722,65328,65332,
2023-08-20T17:51:17.056228,65337,65330,
2023-08-20T17:51:17.277357,65327,65326,
2023-08-20T17:51:17.495112,65330,65326,
2023-08-20T17:51:17.709780,65330,65327,
2023-08-20T17:51:17.928466,65316,65324,
2023-08-20T17:51:18.141746,65318,65317,
2023-08-20T17:51:18.349402,65324,65331,
2023-08-20T17:51:18.567532,65328,65328,
2023-08-20T17:51:18.782634,65326,65330,
2023-08-20T17:51:19.000173,65327,65330,
2023-08-20T17:51:19.217740,65328,65329,
2023-08-20T17:51:19.433853,65337,65328,
2023-08-20T17:51:19.653095,65326,65326,
2023-08-20T17:51:19.868088,65332,65338,
2023-08-20T17:51:20.067450,65328,65328,
2023-08-20T17:51:20.285079,65324,65326,
2023-08-20T17:51:20.503240,65332,65329,
2023-08-20T17:51:20.722870,65336,65325,
2023-08-20T17:51:20.936488,65326,65327,
2023-08-20T17:51:21.155264,65326,65327,
2023-08-20T17:51:21.359833,65325,65325,
2023-08-20T17:51:21.573426,65328,65328,
2023-08-20T17:51:21.789384,65327,65328,
2023-08-20T17:51:22.008480,65330,65339,
2023-08-20T17:51:22.224955,65342,65325,
2023-08-20T17:51:22.444082,65327,65336,
2023-08-20T17:51:22.658829,65328,65328,
2023-08-20T17:51:22.876186,65328,65414,
2023-08-20T17:51:23.093767,65328,65319,
2023-08-20T17:51:23.306691,65320,65316,
2023-08-20T17:51:23.510131,65371,65328,
2023-08-20T17:51:23.712018,65410,65327,
2023-08-20T17:51:23.930129,65326,65326,
2023-08-20T17:51:24.143469,65412,65318,
2023-08-20T17:51:24.361209,65366,65332,
2023-08-20T17:51:24.578080,65323,65324,
2023-08-20T17:51:24.793666,65330,65323,
2023-08-20T17:51:25.010679,65333,65326,
2023-08-20T17:51:25.225567,65403,65326,
2023-08-20T17:51:25.434953,65327,65414,
2023-08-20T17:51:25.645205,65316,65324,
2023-08-20T17:51:25.860785,65322,65330,
2023-08-20T17:51:26.077204,65317,65332,
2023-08-20T17:51:26.295693,65323,65408,
2023-08-20T17:51:26.514021,65324,65324,
2023-08-20T17:51:26.729903,65333,65330,
2023-08-20T17:51:26.946535,65326,65415,
2023-08-20T17:51:27.161780,65367,65318,
2023-08-20T17:51:27.380683,65314,65330,
2023-08-20T17:51:27.596978,65404,65326,
2023-08-20T17:51:27.812711,65331,65332,
2023-08-20T17:51:28.031573,65330,65368,
2023-08-20T17:51:28.247309,65318,65329,
2023-08-20T17:51:28.464482,65326,65324,
2023-08-20T17:51:28.683242,65326,65317,
2023-08-20T17:51:28.903301,65333,65324,
2023-08-20T17:51:29.119544,65329,65328,
2023-08-20T17:51:29.338879,65324,65406,
2023-08-20T17:51:29.557609,65364,65326,
2023-08-20T17:51:29.773619,65404,65334,
2023-08-20T17:51:29.992477,65327,65326,
2023-08-20T17:51:30.207854,65334,65326,
2023-08-20T17:51:30.425392,65314,65322,
2023-08-20T17:51:30.645196,65328,65326,
2023-08-20T17:51:30.862596,65316,65324,
2023-08-20T17:51:31.077919,65316,65329,
2023-08-20T17:51:31.295422,65334,65326,
2023-08-20T17:51:31.514593,65311,65329,
2023-08-20T17:51:31.733730,65326,65413,
2023-08-20T17:51:31.952982,65325,65327,
2023-08-20T17:51:32.171838,65412,65406,
2023-08-20T17:51:32.374791,65326,65328,
2023-08-20T17:51:32.575356,65324,65330,
2023-08-20T17:51:32.792993,65330,65315,
2023-08-20T17:51:33.008315,65325,65326,
2023-08-20T17:51:33.226442,65330,65330,
2023-08-20T17:51:33.443967,65316,65320,
2023-08-20T17:51:33.660314,65406,65330,
2023-08-20T17:51:33.876121,65324,65324,
2023-08-20T17:51:34.092655,65329,65342,
2023-08-20T17:51:34.293863,65342,65338,
2023-08-20T17:51:34.512462,65328,65330,
2023-08-20T17:51:34.728929,65338,65331,
2023-08-20T17:51:34.946225,65336,65332,
2023-08-20T17:51:35.163261,65331,65332,
2023-08-20T17:51:35.362816,65330,65328,
2023-08-20T17:51:35.579664,65326,65328,
2023-08-20T17:51:35.798214,65328,65328,
2023-08-20T17:51:36.014808,65325,65334,
2023-08-20T17:51:36.226660,65328,65330,
2023-08-20T17:51:36.430572,65330,65334,
2023-08-20T17:51:36.630932,65331,65328,
2023-08-20T17:51:36.847186,65332,65327,
2023-08-20T17:51:37.067700,65331,65338,
2023-08-20T17:51:37.266262,65323,65325,
2023-08-20T17:51:37.486217,65324,65328,
2023-08-20T17:51:37.701490,65324,65324,
2023-08-20T17:51:37.916374,65326,65328,
2023-08-20T17:51:38.134245,65326,65328,
2023-08-20T17:51:38.349042,65324,65324,
2023-08-20T17:51:38.570071,65324,65322,
2023-08-20T17:51:38.769718,65327,65328,
2023-08-20T17:51:38.987917,65324,65322,
2023-08-20T17:51:39.203623,65332,65332,
2023-08-20T17:51:39.422554,65326,65324,
2023-08-20T17:51:39.640045,65334,65324,
2023-08-20T17:51:39.843138,65325,65328,
2023-08-20T17:51:40.044261,65330,65326,
2023-08-20T17:51:40.259355,65326,65332,
2023-08-20T17:51:40.477935,65332,65324,
2023-08-20T17:51:40.680880,65326,65323,
2023-08-20T17:51:40.897380,65332,65326,
2023-08-20T17:51:41.113418,65325,65328,
2023-08-20T17:51:41.333002,65327,65328,
2023-08-20T17:51:41.548464,65324,65323,
2023-08-20T17:51:41.769014,65326,65324,
2023-08-20T17:51:41.986225,65327,65330,
2023-08-20T17:51:42.203307,65336,65324,
2023-08-20T17:51:42.420823,65330,65327,
2023-08-20T17:51:42.637405,65326,65327,
2023-08-20T17:51:42.858064,65328,65328,
2023-08-20T17:51:43.074582,65330,65324,
2023-08-20T17:51:43.292465,65327,65326,
2023-08-20T17:51:43.510766,65330,65323,
2023-08-20T17:51:43.712903,65326,65324,
2023-08-20T17:51:43.913224,65330,65328,
2023-08-20T17:51:44.112277,65328,65326,
2023-08-20T17:51:44.331042,65323,65326,
2023-08-20T17:51:44.554339,65324,65326,
2023-08-20T17:51:44.771871,65332,65324,
2023-08-20T17:51:44.986154,65337,65326,
2023-08-20T17:51:45.203981,65332,65329,
2023-08-20T17:51:45.405036,65325,65328,
2023-08-20T17:51:45.620386,65328,65334,
2023-08-20T17:51:45.838099,65332,65328,
2023-08-20T17:51:46.052171,65327,65324,
2023-08-20T17:51:46.271264,65328,65328,
2023-08-20T17:51:46.475499,65332,65326,
2023-08-20T17:51:46.690765,65334,65326,
2023-08-20T17:51:46.908230,65328,65336,
2023-08-20T17:51:47.125480,65330,65330,
2023-08-20T17:51:47.342244,65327,65326,
2023-08-20T17:51:47.563693,65335,65329,
2023-08-20T17:51:47.775292,65325,65324,
2023-08-20T17:51:47.994810,65323,65333,
2023-08-20T17:51:48.214364,65328,65324,
2023-08-20T17:51:48.429012,65333,65327,
2023-08-20T17:51:48.643418,65336,65333,
2023-08-20T17:51:48.861656,65326,65332,
2023-08-20T17:51:49.078894,65330,65327,
2023-08-20T17:51:49.294541,65327,65328,
2023-08-20T17:51:49.514948,65336,65326,
2023-08-20T17:51:49.716241,65329,65336,
2023-08-20T17:51:49.929884,65330,65334,
2023-08-20T17:51:50.148008,65327,65338,
2023-08-20T17:51:50.364716,65327,65327,
2023-08-20T17:51:50.582582,65326,65326,
2023-08-20T17:51:50.800426,65332,65325,
2023-08-20T17:51:51.017591,65334,65327,
2023-08-20T17:51:51.217700,65324,65326,
2023-08-20T17:51:51.437704,65328,65328,
2023-08-20T17:51:51.680056,65324,65326,
2023-08-20T17:51:51.923657,65326,65327,
2023-08-20T17:51:52.167671,65324,65326,
2023-08-20T17:51:52.415815,65324,65325,
2023-08-20T17:51:52.659869,65332,65332,
2023-08-20T17:51:52.902950,65328,65326,
2023-08-20T17:51:53.151832,65324,65326,
2023-08-20T17:51:53.392574,65331,65328,
2023-08-20T17:51:53.636713,65327,65321,
2023-08-20T17:51:53.879359,65332,65325,
2023-08-20T17:51:54.126343,65328,65328,
2023-08-20T17:51:54.355189,65334,65324,
2023-08-20T17:51:54.600420,65325,65326,
2023-08-20T17:51:54.844507,65329,65326,
2023-08-20T17:51:55.086444,65323,65324,
2023-08-20T17:51:55.331031,65334,65332,
2023-08-20T17:51:55.576943,65326,65328,
2023-08-20T17:51:55.819328,65332,65326,
2023-08-20T17:51:56.060893,65327,65326,
2023-08-20T17:51:56.304561,65330,65326,
2023-08-20T17:51:56.546218,65322,65327,
2023-08-20T17:51:56.791420,65324,65326,
2023-08-20T17:51:57.034152,65328,65323,
2023-08-20T17:51:57.277320,65324,65326,
2023-08-20T17:51:57.526431,65328,65324,
2023-08-20T17:51:57.769173,65324,65326,
2023-08-20T17:51:58.013799,65336,65327,
2023-08-20T17:51:58.260813,65324,65337,
2023-08-20T17:51:58.508666,65326,65327,
2023-08-20T17:51:58.751286,65326,65324,
2023-08-20T17:51:58.997410,65327,65326,
2023-08-20T17:51:59.239846,65328,65330,
2023-08-20T17:51:59.484059,65326,65334,
2023-08-20T17:51:59.728776,65326,65324,
2023-08-20T17:51:59.974953,65327,65332,
2023-08-20T17:52:00.221443,65338,65328,
2023-08-20T17:52:00.460930,65329,65326,
2023-08-20T17:52:00.707942,65326,65328,
2023-08-20T17:52:00.952701,65328,65333,
2023-08-20T17:52:01.194241,65334,65330,
2023-08-20T17:52:01.440189,65328,65328,
2023-08-20T17:52:01.684292,65328,65328,
2023-08-20T17:52:01.931094,65326,65326,
2023-08-20T17:52:02.179992,65327,65334,
2023-08-20T17:52:02.419603,65324,65326,
2023-08-20T17:52:02.667479,65327,65339,
2023-08-20T17:52:02.904865,65328,65328,
2023-08-20T17:52:03.146558,65327,65326,
2023-08-20T17:52:03.393526,65328,65326,
2023-08-20T17:52:03.640684,65326,65326,
2023-08-20T17:52:03.886319,65332,65324,
2023-08-20T17:52:04.124801,65334,65333,
2023-08-20T17:52:04.371336,65332,65327,
2023-08-20T17:52:04.613790,65326,65334,
2023-08-20T17:52:04.861479,65323,65339,
2023-08-20T17:52:05.094776,65326,65334,
2023-08-20T17:52:05.337852,65326,65336,
2023-08-20T17:52:05.580334,65328,65334,
2023-08-20T17:52:05.829068,65330,65326,
2023-08-20T17:52:06.072944,65334,65328,
2023-08-20T17:52:06.319920,65326,65327,
2023-08-20T17:52:06.544750,65327,65328,
2023-08-20T17:52:06.786308,65328,65326,
2023-08-20T17:52:07.037921,65328,65323,
2023-08-20T17:52:07.281448,65328,65323,
2023-08-20T17:52:07.526426,65327,65330,
2023-08-20T17:52:07.768153,65340,65328,
2023-08-20T17:52:08.012588,65326,65330,
2023-08-20T17:52:08.262571,65328,65324,
2023-08-20T17:52:08.502319,65327,65326,
2023-08-20T17:52:08.748370,65330,65334,
2023-08-20T17:52:08.993907,65326,65322,
2023-08-20T17:52:09.239818,65327,65324,
2023-08-20T17:52:09.484518,65328,65324,
2023-08-20T17:52:09.730495,65328,65336,
2023-08-20T17:52:09.975360,65331,65336,
2023-08-20T17:52:10.219629,65326,65329,
2023-08-20T17:52:10.461368,65327,65326,
2023-08-20T17:52:10.707654,65330,65327,
2023-08-20T17:52:10.948688,65326,65337,
2023-08-20T17:52:11.195327,65331,65326,
2023-08-20T17:52:11.438583,65327,65326,
2023-08-20T17:52:11.680582,65324,65326,
2023-08-20T17:52:11.925362,65324,65324,
2023-08-20T17:52:12.166731,65327,65328,
2023-08-20T17:52:12.412069,65328,65326,
2023-08-20T17:52:12.657816,65324,65326,
2023-08-20T17:52:12.899797,65326,65334,
2023-08-20T17:52:13.147368,65324,65323,
2023-08-20T17:52:13.390208,65336,65324,
2023-08-20T17:52:13.631948,65324,65337,
2023-08-20T17:52:13.876113,65329,65324,
2023-08-20T17:52:14.122737,65326,65333,
2023-08-20T17:52:14.364969,65335,65327,
2023-08-20T17:52:14.609536,65322,65322,
2023-08-20T17:52:14.857661,65324,65330,
2023-08-20T17:52:15.103404,65330,65325,
2023-08-20T17:52:15.343959,65325,65328,
2023-08-20T17:52:15.587124,65326,65332,
2023-08-20T17:52:15.835112,65326,65334,
2023-08-20T17:52:16.076868,65330,65325,
2023-08-20T17:52:16.325320,65336,65329,
2023-08-20T17:52:16.568532,65333,65323,
2023-08-20T17:52:16.817283,65323,65328,
2023-08-20T17:52:17.058263,65330,65331,
2023-08-20T17:52:17.300509,65334,65332,
2023-08-20T17:52:17.546429,65326,65329,
2023-08-20T17:52:17.795106,65324,65324,
2023-08-20T17:52:18.036458,65332,65326,
2023-08-20T17:52:18.279642,65328,65328,
2023-08-20T17:52:18.522453,65324,65324,
2023-08-20T17:52:18.765181,65324,65326,
2023-08-20T17:52:19.013490,65328,65329,
2023-08-20T17:52:19.256112,65328,65326,
2023-08-20T17:52:19.503281,65338,65338,
2023-08-20T17:52:19.749098,65328,65326,
2023-08-20T17:52:19.988412,65328,65334,
2023-08-20T17:52:20.229544,65328,65338,
2023-08-20T17:52:20.476793,65332,65326,
2023-08-20T17:52:20.721284,65329,65336,
2023-08-20T17:52:20.966669,65326,65326,
2023-08-20T17:52:21.211323,65330,65328,
2023-08-20T17:52:21.454608,65323,65331,
2023-08-20T17:52:21.703781,65326,65324,
2023-08-20T17:52:21.945509,65327,65325,
2023-08-20T17:52:22.186440,65326,65328,
2023-08-20T17:52:22.416250,65326,65326,
2023-08-20T17:52:22.662014,65338,65332,
2023-08-20T17:52:22.906260,65326,65327,
2023-08-20T17:52:23.149239,65327,65326,
2023-08-20T17:52:23.394873,65330,65334,
2023-08-20T17:52:23.636452,65334,65328,
2023-08-20T17:52:23.869700,65332,65326,
2023-08-20T17:52:24.112557,65324,65328,
2023-08-20T17:52:24.353920,65325,65324,
2023-08-20T17:52:24.602664,65329,65324,
2023-08-20T17:52:24.843794,65327,65328,
2023-08-20T17:52:25.091681,65328,65327,
2023-08-20T17:52:25.336562,65332,65332,
2023-08-20T17:52:25.584573,65326,65326,
2023-08-20T17:52:25.827447,65335,65331,
